{
  "rouge1": 0.36491573313334597,
  "rouge2": 0.1001360681306235,
  "rougeL": 0.261742344048588
}