{
  "rouge1": 0.22689522193068293,
  "rouge2": 0.0687663085412755,
  "rougeL": 0.19423492714272855
}