{
  "rouge1": 0.39019868223102855,
  "rouge2": 0.15846522799352988,
  "rougeL": 0.2989019880052932
}