{
  "rouge1": 0.31818562724030486,
  "rouge2": 0.08986359173883268,
  "rougeL": 0.23201289616565549
}